Title,Price,Reviews,Rates
Microsoft Windows 11 Pro 64-Bit USB Flash Drive (HAV-00162),35.00,42,4.69
HP 68 2-Pack Tri-color/Black Original Ink Cartridge Combo 6L6S2TN,42.99,3,5.0
Microsoft 365 Personal Software Licensing QQ2-01904,59.99,5,5.0
AMD 9950X3D 100-100000719WOF Ryzen 9 9000 2nd Gen Hexadeca-core 16 Core 4.30,679.95,2,5.0
"Intel Core i5-12600K Processor (4.9 GHz, 10 Cores, FCLGA1700) Box - BX8071512600K",145.00,22,4.91
Logitech G600T Wired Gaming Mouse - Black,82.89,15,5.0
"Intel Core i7-12700KF Processor (5 GHz, 12 Cores, FCLGA1700) Box - BX8071512700KF",179.99,8,5.0
TurboTax 2023 Deluxe Federal and State Tax Software,19.99,57,4.56
Protronix PST-1G-SVR Thermal Compound (Pack of 5),5.95,464,4.75
Frontier FCA252 Basic LNE 2.5GigE LAN MoCA 2.5 1.88W Network Adapter,34.99,38,4.76
WD Black SN850X 2TB Internal M.2 2280 NVME PCI Express (WDS200T2XHE) SSD,124.00,1,5.0
Epson EcoTank Inkjet Color All-In-One Printer - ET-15000,422.99,22,4.86
Intel Core i5-14600K 3.5GHz 14-Core 20-Thread CPU (BX8071514600K),189.99,3,5.0
Epson EcoTank ET-2800 Color Inkjet All-In-One Printer - White,164.99,19,4.26
HP T0A41BN 902XL Inkjet Cartridges 3 Pieces - Tri-Color, 14.25,118,4.73
eero V011111 Pro Max Series Tri-Band Mesh Wi-Fi and Wire Router White,384.00,29,5.0
"SanDisk 2TB, External,2.5 inch (SDSSDE61-2T00-G25) Solid State Drive",124.00,25,5.0
"Apple Magic Keyboard for 12.9"" iPad Pro 5th Gen., Black - US English",175.99,134,4.87
Microsoft HAJ-00108 Windows 11 64-bit Operating System,29.98,18,4.5
HP 67XL 2-Pack High Yield Ink Cartridges - Black/Tri-color (3YP31BN),34.99,38,4.82
Arctic ACTCP00080A CPU Thermal Paste 4g,7.99,34,4.85
TP-Link AC1900 Extender RE550 1900Mbps Wireless Router,32.99,22,4.68
HP 923 Black/Cyan/Magenta/Yellow Standard Yield Ink Cartridges 4 Pack (6C3Y6LN),58.00,4,4.75
Intuit Turbotax 2024 Premier Investments Rental Federal State E-File Win/mac,45.99,1,5.0
Intel Core Ultra 7 265K 20-Core 3.9GHz LGA-1851 Boxed Processor BX80768265K,282.00,1,
EERO SN11111 Outdoor 7 Mesh WiFi Router . PoE Required,249.95,2,5.0
Anker 332 (A8355011) USB-C 5-In-1 4K HDMI 85W Hub Adapter - Black,13.99,31,5.0
Epson 522 Ink Bottles Refill Ecotank T522 2720 4700 Black Cyan Magenta Yellow,11.99,32,4.84
Koala Paper GPP-8.5x11 Vinyl Sticker Paper for Inkjet Printer - Glossy White,8.99,23,4.87
Symantec 21389946 Norton 360 Premium Antivirus/Internet Security Software,28.98,49,4.9
Epson T288520 DURABrite Ultra Color Combo Pack Standard Capacity Cartridge Ink,8.95,85,4.79
5 LOT - eero 2nd Gen WiFi Router AC Adapter Charger USB-C Power Supply C110011,9.99,15,4.93
Logitech M310 (910001675) Wireless Mouse - Silver,12.99,287,4.8
HP B6Y22A Ink Cartridge - Gray,149.98,287,
